{"posicion":{"x":-0.23999997973442079,"y":-4.03000020980835,"z":0.0},"healths":100.0}