{"posicion":{"x":-9.360002517700196,"y":-0.19000321626663209,"z":0.0},"healths":60.0}